{
    "loss": 3.06103777885437,
    "accuracy": 0.5035971403121948
}